"Status","Start Time","Stop Time","Duration in ms","Parent Suite","Suite","Sub Suite","Test Class","Test Method","Name","Description"
"passed","Sun Dec 03 19:19:50 GMT 2023","Sun Dec 03 19:19:50 GMT 2023","224","users","","","","","Get single User (Not found)",""
"passed","Sun Dec 03 19:19:50 GMT 2023","Sun Dec 03 19:19:51 GMT 2023","209","unknown","","","","","List Resource",""
"passed","Sun Dec 03 19:19:49 GMT 2023","Sun Dec 03 19:19:49 GMT 2023","221","users","","","","","Update User",""
"passed","Sun Dec 03 19:19:49 GMT 2023","Sun Dec 03 19:19:50 GMT 2023","217","users","","","","","Update User",""
"passed","Sun Dec 03 19:19:51 GMT 2023","Sun Dec 03 19:19:51 GMT 2023","215","login","","","","","Login (no password)",""
"passed","Sun Dec 03 19:19:49 GMT 2023","Sun Dec 03 19:19:49 GMT 2023","212","users","","","","","Delete User",""
"passed","Sun Dec 03 19:19:45 GMT 2023","Sun Dec 03 19:19:45 GMT 2023","37","users","","","","","List Users",""
"passed","Sun Dec 03 19:19:45 GMT 2023","Sun Dec 03 19:19:45 GMT 2023","95","users","","","","","Get single User",""
"passed","Sun Dec 03 19:19:50 GMT 2023","Sun Dec 03 19:19:50 GMT 2023","211","Register","","","","","Register User",""
"passed","Sun Dec 03 19:19:51 GMT 2023","Sun Dec 03 19:19:51 GMT 2023","33","unknown","","","","","Get single Resource (Not found)",""
"passed","Sun Dec 03 19:19:51 GMT 2023","Sun Dec 03 19:19:51 GMT 2023","211","login","","","","","Login",""
"passed","Sun Dec 03 19:19:49 GMT 2023","Sun Dec 03 19:19:49 GMT 2023","238","users","","","","","Create User",""
"passed","Sun Dec 03 19:19:50 GMT 2023","Sun Dec 03 19:19:50 GMT 2023","29","unknown","","","","","Get single Resource",""
"passed","Sun Dec 03 19:19:46 GMT 2023","Sun Dec 03 19:19:49 GMT 2023","3235","users","","","","","List Users (delayed)",""
"passed","Sun Dec 03 19:19:50 GMT 2023","Sun Dec 03 19:19:50 GMT 2023","220","Register","","","","","Register User (no password)",""
